id,num_replies,num_retweets,num_tweets
NR00000,10,30,93
NR00001,0,4,28
NR00002,4,21,81
NR00003,1,1,5
NR00004,0,8,26
NR00005,4,1,3
NR00006,0,2,13
NR00007,0,14,7
NR00008,2,8,31
NR00009,0,3,43
NR00010,0,4,69
NR00011,2,20,60
NR00012,0,9,51
NR00013,1,15,45
NR00014,1,15,24
NR00015,2,20,27
NR00016,0,0,3
NR00017,5,14,62
NR00018,1,11,8
NR00019,0,8,41
NR00020,0,0,12
NR00021,0,6,43
NR00022,0,13,25
NR00023,0,2,7
NR00024,0,0,2
NR00025,4,9,35
NR00026,12,110,22
NR00027,0,25,130
NR00028,2,20,65
NR00029,0,0,10
NR00030,1,20,123
NR00031,0,8,18
NR00032,4,7,7
NR00033,1,26,85
NR00034,1,9,50
NR00035,2,15,49
NR00036,0,0,2
NR00037,0,1,2
NR00038,0,7,25
NR00039,2,11,63
NR00040,0,10,64
NR00041,0,23,93
NR00042,2,2,39
NR00043,4,34,92
NR00044,0,0,10
NR00045,1,15,19
NR00046,0,0,4
NR00047,16,52,35
NR00048,0,6,2
NR00049,0,11,38
NR00050,2,28,100
NR00051,1,10,25
NR00052,1,17,110
NR00053,3,16,79
NR00054,0,2,9
NR00055,0,6,100
NR00056,4,7,37
NR00057,0,8,29
NR00058,0,4,39
NR00059,0,0,4
NR00060,0,1,17
NR00061,0,4,5
NR00062,3,21,50
NR00063,0,9,28
NR00064,0,0,1
NR00065,0,5,20
NR00066,6,13,29
NR00067,0,4,49
NR00068,1,9,5
NR00069,0,0,26
NR00070,0,0,1
NR00071,0,0,5
NR00072,1,59,128
NR00073,0,23,14
NR00074,0,0,0
NR00075,0,3,2
NR00076,0,8,57
NR00077,0,0,10
NR00078,2,6,16
NR00079,1,8,21
NR00080,0,1,8
NR00081,0,25,64
NR00082,0,1,10
NR00083,1,12,13
NR00084,2,38,37
NR00085,1,6,23
NR00086,0,1,27
NR00087,0,2,2
NR00088,0,26,58
NR00089,0,3,26
NR00090,0,0,8
NR00091,4,38,119
NR00092,4,13,51
NR00093,1,30,115
NR00094,2,19,61
NR00095,4,5,38
NR00096,0,1,22
NR00097,1,6,16
NR00098,3,4,23
NR00099,1,8,8
NR00100,0,0,4
NR00101,0,0,16
NR00102,8,4,4
NR00103,0,14,44
NR00104,1,51,192
NR00105,0,19,78
NR00106,6,46,175
NR00107,2,67,93
NR00108,0,6,16
NR00109,35,263,256
NR00110,3,64,68
NR00111,20,153,155
NR00112,3,37,138
NR00113,1,1,31
NR00114,0,1,16
NR00115,7,22,126
NR00116,0,7,19
NR00117,0,1,11
NR00118,1,16,69
NR00119,9,35,132
NR00120,1,33,22
NR00121,0,9,52
NR00122,0,52,3
NR00123,0,1,2
NR00124,0,19,76
NR00125,1,67,258
NR00126,1,5,55
NR00127,1,3,74
NR00128,6,62,176
NR00129,1,14,11
NR00130,154,162,311
NR00131,2,45,30
NR00132,0,11,32
NR00133,0,2,6
NR00134,1,10,46
NR00135,3,27,222
NR00136,0,1,12
NR00137,25,142,70
NR00138,9,31,115
NR00139,0,1,42
NR00140,14,46,178
NR00141,3,15,69
NR00142,0,1,26
NR00143,1,14,5
NR00144,3,16,56
NR00145,0,15,51
NR00146,0,1,7
NR00147,0,0,1
NR00148,1,22,62
NR00149,3,28,194
NR00150,1,9,51
NR00151,0,4,3
NR00152,0,1,19
NR00153,1,29,49
NR00154,0,0,5
NR00155,0,0,2
NR00156,8,87,128
NR00157,0,28,24
NR00158,4,56,81
NR00159,1,6,46
NR00160,1,43,103
NR00161,13,76,296
NR00162,0,2,14
NR00163,0,8,55
NR00164,0,5,15
NR00165,0,0,1
NR00166,0,2,13
NR00167,10,45,144
NR00168,0,0,4
NR00169,8,23,27
NR00170,0,10,39
NR00171,0,2,42
NR00172,0,10,55
NR00173,0,0,2
NR00174,0,32,82
NR00175,1,15,75
NR00176,0,9,82
NR00177,2,11,110
NR00178,0,5,27
NR00179,1,6,20
NR00180,0,22,28
NR00181,0,7,72
NR00182,0,0,2
NR00183,0,11,23
NR00184,1,28,57
NR00185,0,6,25
NR00186,56,246,73
NR00187,0,1,8
NR00188,18,223,707
NR00189,3,39,119
NR00190,0,13,27
NR00191,1,0,16
NR00192,0,5,66
NR00193,2,54,146
NR00194,0,12,48
NR00195,1,16,52
NR00196,0,10,75
NR00197,0,0,7
NR00198,0,74,73
NR00199,2,14,78
NR00200,0,23,171
NR00201,5,123,143
NR00202,0,17,92
NR00203,0,10,74
NR00204,0,3,52
NR00205,0,3,19
NR00206,5,20,75
NR00207,1,1,12
NR00208,0,31,128
NR00209,0,0,3
NR00210,2,15,8
NR00211,2,27,137
NR00212,0,0,29
NR00213,0,2,2
NR00214,1,6,60
NR00215,2,8,69
NR00216,23,154,282
NR00217,18,113,163
NR00218,0,1,16
NR00219,0,45,75
NR00220,0,1,19
NR00221,0,21,136
NR00222,1,23,49
NR00223,1,106,218
NR00224,2,109,54
NR00225,0,6,77
NR00226,0,8,33
NR00227,0,14,49
NR00228,1,10,95
NR00229,0,0,17
NR00230,0,6,14
NR00231,0,0,2
NR00232,0,0,1
NR00233,0,13,35
NR00234,0,2,47
NR00235,0,3,5
NR00236,2,17,118
NR00237,0,1,89
NR00238,17,128,157
NR00239,0,5,23
NR00240,1,22,138
NR00241,1,30,25
NR00242,0,9,22
NR00243,3,39,32
NR00244,0,0,61
NR00245,0,8,32
NR00246,5,9,71
NR00247,0,20,117
NR00248,1,2,17
NR00249,0,7,28
NR00250,0,1,63
NR00251,6,53,317
NR00252,0,5,2
NR00253,2,58,210
NR00254,7,47,208
NR00255,0,6,115
NR00256,3,43,145
NR00257,0,3,43
NR00258,0,3,48
NR00259,1,42,101
NR00260,0,3,24
NR00261,0,7,21
NR00262,0,3,10
NR00263,0,21,127
NR00264,0,0,2
NR00265,1,5,94
NR00266,0,2,12
NR00267,23,1130,89
NR00268,0,0,10
NR00269,9,40,82
NR00270,31,195,345
NR00271,6,9,45
NR00272,2,21,55
NR00273,0,4,78
NR00274,1,14,83
NR00275,0,0,6
NR00276,0,5,45
NR00277,1,11,59
NR00278,0,15,142
NR00279,2,40,182
NR00280,0,0,41
NR00281,9,199,578
NR00282,0,0,17
NR00283,0,17,98
NR00284,0,0,0
NR00285,1,3,58
NR00286,0,8,42
NR00287,1,4,64
NR00288,0,11,17
NR00289,10,222,170
NR00290,0,2,73
NR00291,4,265,210
NR00292,3,61,111
NR00293,1,31,103
NR00294,1,3,21
NR00295,0,5,42
NR00296,0,3,79
NR00297,0,6,72
NR00298,1,24,39
NR00299,0,1,48
NR00300,3,67,175
NR00301,0,66,252
NR00302,0,0,4
NR00303,0,0,0
NR00304,0,0,0
NR00305,0,0,0
NR00306,0,0,0
NR00307,0,0,0
NR00308,0,0,0
NR00309,0,0,0
NR00310,0,0,0
NR00311,0,0,0
NR00312,0,0,0
NR00313,0,0,0
NR00314,0,0,0
NR00315,1,18,27
NR00316,3,27,77
NR00317,0,3,15
NR00318,0,7,93
NR00319,0,14,44
NR00320,0,16,35
NR00321,63,290,383
NR00322,1,8,38
NR00323,1,22,92
NR00324,0,0,5
NR00325,0,10,80
NR00326,1,42,137
NR00327,1,47,89
NR00328,0,7,19
NR00329,0,7,36
NR00330,2,41,36
NR00331,13,242,299
NR00332,0,0,0
NR00333,0,6,54
NR00334,1,101,104
NR00335,0,0,27
NR00336,0,0,6
NR00337,0,1,12
NR00338,13,117,211
NR00339,0,2,16
NR00340,0,6,35
NR00341,0,1,20
NR00342,0,0,3
NR00343,0,10,157
NR00344,4,19,149
NR00345,2,54,74
NR00346,0,0,5
NR00347,0,8,56
NR00348,0,0,4
NR00349,0,30,201
NR00350,2,23,88
NR00351,0,17,33
NR00352,7,45,177
NR00353,1,4,69
NR00354,0,3,85
NR00355,0,0,3
NR00356,0,8,68
NR00357,0,1,16
NR00358,0,0,0
NR00359,0,9,8
NR00360,0,0,2
NR00361,0,0,4
NR00362,0,0,1
NR00363,0,0,1
NR00364,0,8,48
NR00365,0,0,1
NR00366,0,21,64
NR00367,0,3,98
NR00368,0,21,63
NR00369,0,1,11
NR00370,0,1,8
NR00371,0,6,154
NR00372,0,20,35
NR00373,0,7,18
NR00374,0,1,5
NR00375,0,0,11
NR00376,0,16,29
NR00377,0,2,21
NR00378,3,4,31
NR00379,1,28,41
NR00380,8,119,204
NR00381,0,3,61
NR00382,4,17,116
NR00383,3,25,152
NR00384,0,2,83
NR00385,0,20,184
NR00386,0,2,16
NR00387,0,0,43
NR00388,0,0,5
NR00389,1,6,25
NR00390,0,5,21
NR00391,1,15,40
NR00392,0,2,16
NR00393,0,59,130
NR00394,0,13,34
NR00395,0,7,23
NR00396,1,14,166
NR00397,0,0,9
NR00398,0,4,21
NR00399,5,75,292
NR00400,11,155,226
NR00401,1,1,28
NR00402,0,6,31
NR00403,0,1,12
NR00404,0,1,7
NR00405,0,0,2
NR00406,0,21,97
NR00407,1,10,47
NR00408,0,20,165
NR00409,1,28,152
NR00410,0,5,57
NR00411,3,14,23
NR00412,17,73,295
NR00413,0,5,78
NR00414,0,15,132
NR00415,0,3,27
NR00416,0,5,49
NR00417,0,20,113
NR00418,0,9,67
NR00419,1,13,85
NR00420,0,1,8
NR00421,0,0,3
NR00422,3,44,172
NR00423,0,4,11
NR00424,1,16,59
NR00425,0,2,56
NR00426,6,89,129
NR00427,0,0,22
NR00428,0,3,57
NR00429,3,14,129
NR00430,0,2,16
NR00431,0,0,3
NR00432,0,3,76
NR00433,0,2,6
NR00434,0,5,102
NR00435,20,168,134
NR00436,0,1,4
NR00437,0,11,104
NR00438,0,0,2
NR00439,1,2,20
NR00440,1,10,102
NR00441,0,20,28
NR00442,0,27,107
NR00443,1,11,34
NR00444,0,1,21
NR00445,0,4,70
NR00446,0,5,121
NR00447,7,206,244
NR00448,0,0,13
NR00449,1,15,18
NR00450,0,0,12
NR00451,0,27,166
NR00452,1,10,150
NR00453,0,1,57
NR00454,0,3,4
NR00455,0,7,61
NR00456,2,17,24
NR00457,96,110,335
NR00458,0,14,71
NR00459,5,80,50
NR00460,1,14,103
NR00461,2,111,351
NR00462,0,7,63
NR00463,0,8,6
NR00464,2,0,3
NR00465,0,2,63
NR00466,0,2,3
NR00467,0,18,80
NR00468,8,62,200
NR00469,0,3,7
NR00470,0,0,3
NR00471,0,25,105
NR00472,0,0,0
NR00473,1,10,139
NR00474,1,3,5
NR00475,2,6,39
NR00476,0,10,143
NR00477,0,8,46
NR00478,1,17,91
NR00479,2,16,55
NR00480,0,32,165
NR00481,0,6,60
NR00482,0,1,67
NR00483,0,8,84
NR00484,0,1,56
NR00485,0,0,12
NR00486,0,0,2
NR00487,4,24,84
NR00488,0,11,26
NR00489,5,329,281
NR00490,0,1,8
NR00491,19,124,173
NR00492,1,6,71
NR00493,0,4,16
NR00494,1,30,93
NR00495,0,0,11
NR00496,0,0,2
NR00497,3,42,176
NR00498,0,2,34
NR00499,0,7,48
NR00500,1,57,208
NR00501,9,0,7
NR00502,0,5,75
NR00503,1,21,109
NR00504,6,1,9
NR00505,6,141,169
NR00506,0,0,1
NR00507,0,4,18
NR00508,1,22,103
NR00509,1,59,59
NR00510,0,0,0
NR00511,0,0,9
NR00512,3,56,301
NR00513,0,27,117
NR00514,2,34,128
NR00515,1,15,138
NR00516,2,1,64
NR00517,1,16,154
NR00518,0,0,2
NR00519,0,2,8
NR00520,1,6,50
NR00521,1,62,168
NR00522,0,5,40
NR00523,0,1,45
NR00524,0,2,26
NR00525,0,12,98
NR00526,2,36,53
NR00527,0,1,58
NR00528,1,9,145
NR00529,0,6,18
NR00530,2,7,60
NR00531,0,6,31
NR00532,0,0,8
NR00533,0,9,130
NR00534,0,5,74
NR00535,9,100,163
NR00536,0,47,63
NR00537,1,4,85
NR00538,1,5,46
NR00539,0,0,36
NR00540,1,83,198
NR00541,0,0,6
NR00542,1,18,105
NR00543,1,12,43
NR00544,0,1,10
NR00545,0,9,150
NR00546,0,8,90
NR00547,0,28,94
NR00548,3,90,323
NR00549,4,38,246
NR00550,1,8,83
NR00551,2,10,91
NR00552,0,0,15
NR00553,4,2,64
NR00554,1,16,72
NR00555,1,30,80
NR00556,4,22,212
NR00557,3,15,81
NR00558,0,0,3
NR00559,9,104,482
NR00560,3,21,61
NR00561,0,5,32
NR00562,0,4,61
NR00563,0,1,4
NR00564,1,7,29
NR00565,0,12,95
NR00566,0,41,118
NR00567,0,67,169
NR00568,4,27,111
NR00569,0,0,1
NR00570,0,1,11
NR00571,0,7,140
NR00572,1,14,35
NR00573,3,37,41
NR00574,0,0,3
NR00575,0,1,31
NR00576,0,3,47
NR00577,3,76,149
NR00578,1,23,109
NR00579,0,8,94
NR00580,0,15,43
NR00581,0,4,33
NR00582,0,3,52
NR00583,0,13,58
NR00584,0,0,9
NR00585,2,72,150
NR00586,0,0,78
NR00587,0,0,10
NR00588,0,2,15
NR00589,0,0,0
NR00590,0,0,3
NR00591,0,6,79
NR00592,0,25,126
NR00593,4,99,101
NR00594,2,26,75
NR00595,17,55,14
NR00596,0,19,116
NR00597,0,0,2
NR00598,0,39,57
NR00599,5,131,234
NR00600,4,92,49
NR00601,0,0,36
NR00602,0,0,1
NR00603,10,25,192
NR00604,0,2,3
NR00605,1,38,92
SR00000,16,166,198
SR00001,0,0,28
SR00002,8,65,42
SR00003,2,5,92
SR00004,0,3,27
SR00005,37,81,149
SR00006,0,3,62
SR00007,0,3,21
SR00008,26,336,493
SR00009,20,168,271
SR00010,0,4,37
SR00011,79,118,229
SR00012,0,0,8
SR00013,19,256,198
SR00014,3,66,150
SR00015,31,62,111
SR00016,18,112,34
SR00017,6,68,299
SR00018,1,13,124
SR00019,0,3,33
SR00020,0,3,28
SR00021,6,28,24
SR00022,0,4,75
SR00023,3,8,26
SR00024,0,16,82
SR00025,2,12,69
SR00026,0,5,31
SR00027,1,10,60
SR00028,97,254,192
SR00029,46,343,952
SR00030,1,15,13
SR00031,4,45,25
SR00032,8,96,83
SR00033,0,0,46
SR00034,0,1,19
SR00035,89,90,93
SR00036,0,2,16
SR00037,94,84,150
SR00038,1,11,35
SR00039,0,3,15
SR00040,0,13,98
SR00041,3,52,49
SR00042,0,13,95
SR00043,4,13,21
SR00044,0,0,8
SR00045,3,21,43
SR00046,10,83,130
SR00047,33,65,76
SR00048,1,7,24
SR00049,5,29,117
SR00050,6,137,454
SR00051,25,541,347
SR00052,12,37,94
SR00053,1,24,111
SR00054,1,18,114
SR00055,10,98,118
SR00056,9,151,172
SR00057,22,158,181
SR00058,12,117,97
SR00059,33,129,106
SR00060,0,22,47
SR00061,4,40,36
SR00062,0,19,10
SR00063,0,0,12
SR00064,2,34,66
SR00065,59,316,349
SR00066,25,228,460
SR00067,1,5,30
SR00068,0,5,38
SR00069,2,20,19
SR00070,8,45,125
SR00071,1,3,8
SR00072,1,4,55
SR00073,10,35,16
SR00074,13,81,146
SR00075,0,12,37
SR00076,2,12,176
SR00077,2,32,53
SR00078,2,7,60
SR00079,12,162,570
SR00080,0,8,52
SR00081,0,11,77
SR00082,2,55,80
SR00083,0,28,65
SR00084,10,193,380
SR00085,92,426,691
SR00086,523,529,376
SR00087,6,8,30
SR00088,24,69,101
SR00089,3,38,178
SR00090,0,28,73
SR00091,0,11,36
SR00092,44,2,20
SR00093,1,3,25
SR00094,1,4,54
SR00095,0,7,80
SR00096,0,2,49
SR00097,0,1,16
SR00098,10,71,228
SR00099,2,5,94
SR00100,23,105,105
SR00101,7,173,354
SR00102,24,137,257
SR00103,0,8,79
SR00104,2,76,82
SR00105,1,6,9
SR00106,53,209,366
SR00107,99,654,595
SR00108,45,271,262
SR00109,0,8,9
SR00110,18,225,185
SR00111,0,5,70
SR00112,38,217,343
SR00113,0,1,22
SR00114,13,47,194
SR00115,0,2,81
SR00116,8,64,64
SR00117,10,88,405
SR00118,8,89,49
SR00119,0,24,26
SR00120,20,321,570
SR00121,8,90,181
SR00122,0,0,54
SR00123,4,12,97
SR00124,22,148,138
SR00125,88,197,93
SR00126,4,56,245
SR00127,0,9,18
SR00128,22,55,145
SR00129,0,5,8
SR00130,11,48,164
SR00131,4,69,66
SR00132,0,8,5
SR00133,0,1,71
SR00134,5,89,71
SR00135,2,11,95
SR00136,9,103,222
SR00137,0,4,52
SR00138,18,74,134
SR00139,2,7,20
SR00140,1,54,219
SR00141,20,141,313
SR00142,40,182,309
SR00143,73,275,180
SR00144,2,15,76
SR00145,37,89,19
SR00146,6,62,18
SR00147,3,7,74
SR00148,225,751,1460
SR00149,3,7,20
SR00150,4,27,74
SR00151,0,1,12
SR00152,0,3,59
SR00153,2,8,299
SR00154,29,179,290
SR00155,7,115,144
SR00156,4,35,22
SR00157,2,35,60
SR00158,0,9,70
SR00159,1,5,101
SR00160,13,344,620
SR00161,5,55,204
SR00162,30,429,345
SR00163,1,20,90
SR00164,1,38,68
SR00165,9,53,165
SR00166,11,107,328
SR00167,0,11,15
SR00168,3,6,31
SR00169,2,27,180
SR00170,10,38,53
SR00171,2,42,150
SR00172,0,1,106
SR00173,0,0,2
SR00174,21,77,77
SR00175,0,5,44
SR00176,15,76,93
SR00177,7,84,119
SR00178,4,8,71
SR00179,64,194,363
SR00180,5,138,183
SR00181,0,17,155
SR00182,0,5,104
SR00183,10,39,280
SR00184,15,186,216
SR00185,37,418,731
SR00186,3,20,60
SR00187,8,5,24
SR00188,7,54,112
SR00189,65,206,526
SR00190,7,46,137
SR00191,0,0,89
SR00192,10,24,79
SR00193,83,502,544
SR00194,3,83,111
SR00195,36,288,338
SR00196,1,230,116
SR00197,38,319,358
SR00198,42,121,76
SR00199,0,2,82
SR00200,69,430,338
SR00201,0,28,43
SR00202,6,87,347
SR00203,4,108,63
SR00204,42,326,341
SR00205,1,89,34
SR00206,1,2,7
SR00207,185,238,378
SR00208,0,11,118
SR00209,0,2,91
SR00210,12,32,28
SR00211,12,134,162
SR00212,3,84,263
SR00213,0,2,5
SR00214,25,47,77
SR00215,0,1,60
SR00216,6,132,142
SR00217,0,0,2
SR00218,9,50,111
SR00219,12,46,55
SR00220,0,0,1
SR00221,12,66,19
SR00222,0,9,35
SR00223,18,240,317
SR00224,2,4,40
SR00225,0,14,15
SR00226,7,69,131
SR00227,57,326,484
SR00228,4,16,29
SR00229,6,167,204
SR00230,0,1,73
SR00231,1,9,71
SR00232,6,74,42
SR00233,3,39,89
SR00234,4,91,45
SR00235,2,24,97
SR00236,22,374,609
SR00237,0,11,67
SR00238,15,136,146
SR00239,8,130,318
SR00240,0,5,95
SR00241,62,494,1185
SR00242,10,129,187
SR00243,6,53,98
SR00244,1,11,11
SR00245,0,1,5
SR00246,0,4,21
SR00247,9,32,199
SR00248,31,252,666
SR00249,1,28,59
SR00250,23,69,112
SR00251,1,16,113
SR00252,1,92,74
SR00253,0,1,41
SR00254,27,203,235
SR00255,0,0,89
SR00256,118,639,1025
SR00257,4,66,337
SR00258,2,109,43
SR00259,6,57,38
SR00260,11,46,39
SR00261,79,488,890
SR00262,8,93,255
SR00263,12,74,74
SR00264,0,10,62
SR00265,2,32,49
SR00266,38,523,805
SR00267,1,28,123
SR00268,2,55,63
SR00269,16,95,17
SR00270,0,3,15
SR00271,28,126,287
SR00272,70,419,463
SR00273,0,19,70
SR00274,2,5,106
SR00275,7,73,73
SR00276,5,150,291
SR00277,15,135,493
SR00278,20,96,267
SR00279,13,54,68
SR00280,0,0,17
SR00281,1,5,12
SR00282,0,22,110
SR00283,1,13,39
SR00284,4,187,307
SR00285,2,30,136
SR00286,61,265,618
SR00287,1,43,114
SR00288,2,9,21
SR00289,3,45,114
SR00290,11,100,493
SR00291,0,9,54
SR00292,0,24,91
SR00293,2,22,82
SR00294,4,13,276
SR00295,3,26,52
SR00296,2,13,55
SR00297,14,235,378
SR00298,0,7,12
SR00299,1,11,151
SR00300,13,26,110
SR00301,89,705,736
SR00302,5,64,201
SR00303,0,38,35
SR00304,1,46,125
SR00305,0,2,45
SR00306,8,119,84
SR00307,3,153,213
SR00308,11,141,470
SR00309,0,25,208
SR00310,0,4,43
SR00311,0,11,145
SR00312,13,136,138
SR00313,0,5,116
SR00314,15,416,451
SR00315,3,42,93
SR00316,69,1037,1254
SR00317,0,30,35
SR00318,33,158,522
SR00319,23,89,274
SR00320,8,58,124
SR00321,0,7,136
SR00322,10,169,137
SR00323,3,37,66
SR00324,4,124,352
SR00325,25,153,159
SR00326,3,50,166
SR00327,1,1,21
SR00328,9,44,286
SR00329,46,134,225
SR00330,0,3,24
SR00331,3,73,336
SR00332,65,1033,2885
SR00333,3,39,47
SR00334,5,18,90
SR00335,6,4,224
SR00336,4,24,82
SR00337,0,3,12
SR00338,36,377,419
SR00339,15,123,153
SR00340,5,101,177
SR00341,6,48,385
SR00342,2,27,149
SR00343,0,20,171
SR00344,9,249,487
SR00345,0,5,41
SR00346,4,64,80
SR00347,3,70,435
SR00348,0,5,49
SR00349,17,118,116
SR00350,5,12,145
SR00351,10,173,559
SR00352,1,6,12
SR00353,26,444,956
SR00354,0,25,181
SR00355,15,104,176
SR00356,3,48,70
SR00357,1,1,71
SR00358,7,23,119
SR00359,2,13,188
SR00360,17,241,347
SR00361,16,47,86
SR00362,4,8,42
SR00363,0,2,93
SR00364,2,24,103
SR00365,6,71,132
SR00366,5,46,104
SR00367,1,9,215
SR00368,16,320,606
SR00369,8,43,338
SR00370,13,65,86
SR00371,53,729,1195
SR00372,0,10,33
SR00373,14,84,122
SR00374,30,120,199
SR00375,15,38,55
SR00376,1,10,155
SR00377,13,47,152
SR00378,71,161,127
SR00379,0,8,21
SR00380,19,95,172
SR00381,4,82,432
SR00382,0,14,21
SR00383,94,168,131
SR00384,10,63,304
SR00385,2,25,51
SR00386,13,94,548
SR00387,0,6,69
SR00388,11,182,285
SR00389,1,85,390
SR00390,7,29,131
SR00391,36,340,603
SR00392,5,53,198
SR00393,9,184,294
SR00394,14,22,94
SR00395,3,53,120
SR00396,9,27,310
SR00397,9,46,680
SR00398,5,6,35
SR00399,0,10,216
SR00400,6,60,374
SR00401,0,8,89
SR00402,6,51,62
SR00403,2,10,165
SR00404,12,149,76
SR00405,3,142,196
SR00406,9,218,174
SR00407,27,62,109
SR00408,8,266,733
SR00409,95,1049,1700
SR00410,0,6,21
SR00411,13,206,168
SR00412,1,20,112
SR00413,0,9,105
SR00414,4,28,48
SR00415,31,359,641
SR00416,0,6,19
SR00417,12,42,78
SR00418,73,713,725
SR00419,0,11,17
SR00420,26,223,169
SR00421,0,5,57
SR00422,0,2,100
SR00423,1,7,214
SR00424,0,40,59
SR00425,8,57,103
SR00426,0,1,87
SR00427,0,1,30
SR00428,2,31,183
SR00429,4,80,109
SR00430,0,5,10
SR00431,2,22,85
SR00432,11,113,212
SR00433,3,36,196
SR00434,26,252,460
SR00435,5,139,459
SR00436,8,60,66
SR00437,3,36,190
SR00438,4,176,249
SR00439,8,41,61
SR00440,23,54,864
SR00441,1,9,169
SR00442,93,714,343
SR00443,10,59,54
SR00444,0,47,289
SR00445,13,122,251
SR00446,19,76,212
SR00447,0,162,91
SR00448,125,747,848
SR00449,1,16,32
SR00450,1,62,59
SR00451,2,46,171
SR00452,5,130,162
SR00453,0,13,39
SR00454,0,2,40
SR00455,0,60,50
SR00456,22,91,37
SR00457,4,35,44
SR00458,0,44,65
SR00459,2,141,133
SR00460,0,25,29
SR00461,1,27,33
SR00462,2,13,207
SR00463,7,37,86
SR00464,0,17,137
SR00465,6,33,155
SR00466,13,37,119
SR00467,0,1,24
SR00468,2,11,50
SR00469,6,53,84
SR00470,14,163,635
SR00471,0,19,63
SR00472,0,43,100
SR00473,3,3,30
SR00474,89,582,422
SR00475,6,31,400
SR00476,1,21,237
SR00477,4,78,55
SR00478,4,15,81
SR00479,3,51,120
SR00480,1,46,221
SR00481,29,625,347
SR00482,1,23,31
SR00483,0,6,80
SR00484,7,22,385
SR00485,213,456,679
SR00486,3,18,118
SR00487,24,391,570
SR00488,1,43,139
SR00489,3,89,66
SR00490,0,0,9
SR00491,20,104,423
SR00492,2,10,72
SR00493,5,103,91
SR00494,0,9,43
SR00495,5,16,311
SR00496,4,13,103
SR00497,19,174,246
SR00498,0,10,113
SR00499,5,12,67
SR00500,14,147,339
SR00501,0,0,1
SR00502,0,10,36
SR00503,24,366,595
SR00504,3,61,381
SR00505,17,35,182
SR00506,6,99,585
SR00507,5,73,89
SR00508,4,34,57
SR00509,9,41,411
SR00510,7,12,25
SR00511,4,75,121
SR00512,70,364,1090
SR00513,17,64,101
SR00514,1,15,105
SR00515,0,3,36
SR00516,0,21,12
SR00517,0,23,32
SR00518,2,17,191
SR00519,0,5,118
SR00520,79,712,909
SR00521,3,76,72
SR00522,161,541,1097
SR00523,0,29,300
SR00524,1,12,166
SR00525,3,8,28
SR00526,0,0,0
SR00527,45,410,1393
SR00528,19,250,164
SR00529,7,54,201
SR00530,0,7,54
SR00531,0,3,12
SR00532,0,9,39
SR00533,3,102,396
SR00534,1,26,46
SR00535,2,12,56
SR00536,6,37,91
SR00537,1,19,32
SR00538,53,240,410
SR00539,2,25,187
SR00540,0,7,30
SR00541,7,108,363
SR00542,0,1,15
SR00543,6,5,73
SR00544,2,33,155
SR00545,4,54,206
SR00546,3,13,60
SR00547,5,36,193
SR00548,1,55,540
SR00549,0,24,29
SR00550,3,66,422
SR00551,7,160,102
SR00552,0,3,13
SR00553,4,37,173
SR00554,1,15,60
SR00555,0,24,533
SR00556,2,39,186
SR00557,14,112,439
SR00558,7,84,156
SR00559,146,455,647
SR00560,19,70,97
SR00561,10,96,477
SR00562,21,249,605
SR00563,1,29,217
SR00564,4,44,137
SR00565,0,1,3
SR00566,1,25,132
SR00567,0,0,51
SR00568,7,43,236
SR00569,2,20,43
SR00570,7,83,598
SR00571,0,0,5
SR00572,0,11,70
SR00573,34,190,96
SR00574,3,29,30
SR00575,1,8,379
SR00576,64,398,1358
SR00577,1,19,267
SR00578,2,56,79
SR00579,6,120,98
SR00580,1,28,31
SR00581,7,23,44
SR00582,2,7,143
SR00583,4,19,124
SR00584,7,36,98
SR00585,0,0,3
SR00586,16,32,175
SR00587,3,140,36
SR00588,34,176,94
SR00589,6,64,141
SR00590,4,25,112
SR00591,0,0,4
SR00592,15,46,50
SR00593,12,214,333
SR00594,4,18,70
SR00595,1,69,82
SR00596,1,15,43
SR00597,11,122,141
SR00598,0,20,22
SR00599,21,178,280
SR00600,8,119,706
SR00601,12,18,178
SR00602,2,26,100
SR00603,5,46,519
SR00604,19,209,860
SR00605,0,2,107
SR00606,0,6,23
SR00607,183,831,4377
SR00608,0,8,10
SR00609,3,52,167
SR00610,8,20,53
SR00611,0,0,10
SR00612,18,181,167
SR00613,35,245,743
SR00614,2,83,99
SR00615,0,13,141
SR00616,6,134,339
SR00617,9,94,127
SR00618,2,36,92
SR00619,0,35,79
SR00620,2,22,215
SR00621,1,72,731
SR00622,24,284,598
SR00623,2,21,30
SR00624,211,854,3341
SR00625,9,30,256
SR00626,0,4,7
SR00627,1,9,223
SR00628,12,130,479
SR00629,0,11,21
SR00630,1,4,99
SR00631,2,38,178
SR00632,4,4,56
SR00633,4,37,57
SR00634,0,3,11
SR00635,4,19,107
SR00636,2,47,193
SR00637,0,21,141
SR00638,0,2,29
SR00639,1,44,105
SR00640,2,73,115
SR00641,0,8,44
SR00642,20,188,695
SR00643,25,146,404
SR00644,26,385,310
SR00645,4,92,319
SR00646,142,432,803
SR00647,4,91,80
SR00648,10,20,144
SR00649,2,48,103
SR00650,31,47,240
SR00651,1,36,105
SR00652,6,48,107
SR00653,0,5,90
SR00654,0,2,61
SR00655,1,22,30
SR00656,0,19,241
SR00657,38,435,576
SR00658,4,59,138
SR00659,85,292,612
SR00660,55,229,567
SR00661,7,38,105
SR00662,2,31,240
SR00663,29,131,610
SR00664,14,133,400
SR00665,7,75,39
SR00666,4,8,102
SR00667,21,307,682
SR00668,28,114,183
SR00669,86,188,693
SR00670,3,60,203
SR00671,0,13,41
SR00672,3,18,287
SR00673,0,37,188
SR00674,19,141,123
SR00675,21,32,121
SR00676,32,114,112
SR00677,9,43,152
SR00678,1,22,109
SR00679,3,33,258
SR00680,1,83,132
SR00681,2,97,462
SR00682,6,140,123
SR00683,22,127,212
SR00684,2,31,66
SR00685,155,672,309
SR00686,2,71,104
SR00687,13,63,179
SR00688,12,14,32
SR00689,0,19,191
SR00690,9,49,103
SR00691,3,16,143
SR00692,52,105,127
SR00693,18,334,232
SR00694,8,45,167
SR00695,52,271,436
SR00696,16,20,134
SR00697,3,35,244
SR00698,26,158,313
SR00699,9,46,114
SR00700,0,26,115
SR00701,1,4,21
SR00702,15,102,297
SR00703,65,339,1105
SR00704,13,33,50
SR00705,20,170,393
SR00706,15,112,76
SR00707,15,271,815
SR00708,2,13,254
SR00709,4,5,70
SR00710,20,116,287
SR00711,0,9,9
SR00712,3,20,166
SR00713,198,521,2047
SR00714,47,398,828
SR00715,12,14,41
SR00716,4,115,291
SR00717,1,51,83
SR00718,3,18,93
SR00719,51,311,265
SR00720,12,18,81
SR00721,2,42,198
SR00722,61,321,807
SR00723,1,8,34
SR00724,218,1521,3777
SR00725,4,7,78
SR00726,0,10,209
SR00727,0,0,2
SR00728,2,31,70
SR00729,0,2,90
SR00730,1,22,328
SR00731,1,34,212
SR00732,1,1,99
SR00733,0,22,592
SR00734,0,1,111
SR00735,14,186,155
SR00736,1,2,288
SR00737,0,5,98
SR00738,2,10,80
SR00739,114,407,973
SR00740,5,15,152
SR00741,3,7,227
SR00742,1,7,43
SR00743,1,12,171
SR00744,2,0,30
SR00745,3,46,116
SR00746,0,18,61
SR00747,0,10,106
SR00748,2,1,119
SR00749,5,65,261
SR00750,1,28,46
SR00751,1,11,79
SR00752,17,27,169
SR00753,0,8,23
SR00754,34,183,288
SR00755,0,12,262
SR00756,24,237,247
SR00757,0,7,112
SR00758,1,0,176
SR00759,2,12,102
SR00760,0,2,44
SR00761,398,236,526
SR00762,6,76,252
SR00763,3,38,111
SR00764,1,5,56
SR00765,0,1,59
SR00766,12,97,166
SR00767,0,21,275
SR00768,12,82,195
SR00769,31,68,523
SR00770,0,19,78
SR00771,0,13,51
SR00772,48,283,737
SR00773,0,4,28
SR00774,72,267,1400
SR00775,3,17,59
SR00776,1,27,180
SR00777,0,3,52
SR00778,2,3,86
SR00779,4,33,390
SR00780,12,66,157
SR00781,0,3,66
SR00782,7,23,272
SR00783,0,5,38
SR00784,0,8,47
SR00785,0,1,68
SR00786,22,146,277
SR00787,1,34,258
SR00788,16,73,196
SR00789,1,15,94
SR00790,6,49,201
SR00791,1,1,199
SR00792,9,51,168
SR00793,0,3,29
SR00794,0,5,186
SR00795,0,4,40
SR00796,0,4,293
SR00797,5,37,50
SR00798,1,5,82
SR00799,0,5,212
SR00800,0,17,46
SR00801,1,8,305
SR00802,3,37,341
SR00803,20,106,825
SR00804,2,38,334
SR00805,0,4,172
SR00806,1,5,94
SR00807,0,11,148
SR00808,16,20,124
SR00809,4,153,425
SR00810,0,0,12
SR00811,56,401,465
SR00812,6,22,151
SR00813,2,13,288
SR00814,0,8,27
SR00815,5,77,451
SR00816,0,44,113
SR00817,2,3,232
SR00818,1,23,470
SR00819,0,5,76
SR00820,0,1,18
SR00821,0,4,33
SR00822,7,14,100
SR00823,0,1,22
SR00824,1,7,80
SR00825,24,100,473
SR00826,2,5,160
SR00827,2,21,120
SR00828,1,12,131
SR00829,22,41,683
SR00830,102,71,345
SR00831,12,32,269
SR00832,2,48,714
SR00833,2,60,233
SR00834,2,12,19
SR00835,0,7,14
SR00836,0,4,55
SR00837,0,3,126
SR00838,4,3,122
SR00839,0,5,140
SR00840,15,96,384
SR00841,1,17,81
SR00842,0,2,73
SR00843,21,63,130
SR00844,2,8,196
SR00845,3,30,248
SR00846,0,1,35
SR00847,0,5,53
SR00848,0,38,397
SR00849,0,11,151
SR00850,0,6,132
SR00851,4,175,914
SR00852,2,138,1023
SR00853,0,3,123
SR00854,0,13,1078
SR00855,0,0,24
SR00856,0,12,97
SR00857,12,76,362
SR00858,0,6,194
SR00859,0,24,227
SR00860,0,8,102
SR00861,2,12,120
SR00862,0,8,177
SR00863,0,7,77
SR00864,0,98,77
SR00865,0,2,161
SR00866,0,6,219
SR00867,2,6,195
SR00868,0,8,40
SR00869,0,10,53
SR00870,0,20,386
SR00871,0,61,188
SR00872,5,136,500
SR00873,0,5,60
SR00874,1,59,340
SR00875,0,7,208
SR00876,0,6,91
SR00877,0,14,76
SR00878,0,1,68
SR00879,0,28,68
SR00880,0,10,209
SR00881,0,1,9
SR00882,2,5,359
SR00883,0,15,161
SR00884,0,9,283
SR00885,0,0,9
SR00886,0,5,98
SR00887,0,10,210
SR00888,0,3,210
SR00889,0,64,280
SR00890,0,2,38
SR00891,0,1,14
SR00892,0,19,51
SR00893,1,57,987
SR00894,0,9,380
SR00895,0,4,63
SR00896,0,0,80
SR00897,0,0,60
SR00898,0,1,128
SR00899,3,4,56
SR00900,0,10,144
SR00901,0,17,215
SR00902,0,45,173
SR00903,0,12,125
SR00904,0,6,196
SR00905,0,30,406
SR00906,0,9,88
SR00907,0,45,340
SR00908,0,35,266
SR00909,0,6,33
SR00910,0,8,86
SR00911,0,21,176
SR00912,0,11,472
SR00913,0,2,28
SR00914,1,34,138
SR00915,2,45,196
SR00916,0,6,213
SR00917,0,0,19
SR00918,0,4,63
SR00919,0,21,981
SR00920,0,3,113
SR00921,23,141,435
SR00922,0,10,38
SR00923,0,2,173
SR00924,0,4,31
SR00925,0,6,123
SR00926,0,2,113
SR00927,0,2,14
SR00928,0,2,455
SR00929,0,1,90
SR00930,0,6,107
SR00931,36,666,1446
SR00932,0,8,143
SR00933,0,7,63
SR00934,0,6,201
SR00935,0,1,20
SR00936,0,29,616
SR00937,0,48,383
SR00938,0,5,143
SR00939,4,27,350
SR00940,0,2,61
SR00941,2,6,163
SR00942,0,6,158
SR00943,0,4,567
SR00944,0,101,409
SR00945,0,3,91
SR00946,0,18,93
SR00947,0,10,567
SR00948,0,14,378
SR00949,1,26,109
SR00950,0,15,187
SR00951,0,12,125
SR00952,0,14,328
SR00953,0,9,179
SR00954,0,5,316
SR00955,0,38,314
SR00956,0,3,127
SR00957,0,8,72
SR00958,1,6,90
SR00959,0,12,124
SR00960,0,52,138
SR00961,0,16,87
SR00962,0,1,102
SR00963,0,2,97
SR00964,0,2,311
SR00965,0,2,144
SR00966,2,4,148
SR00967,0,1,24
SR00968,0,2,61
SR00969,0,9,142
SR00970,0,3,112
SR00971,0,0,59
SR00972,0,3,24
SR00973,0,4,125
SR00974,2,17,210
SR00975,0,0,26
SR00976,0,44,705
SR00977,0,9,34
SR00978,0,4,191
SR00979,0,0,70
SR00980,0,1,168
SR00981,0,5,97
SR00982,0,7,147
SR00983,0,80,540
SR00984,0,30,301
SR00985,1,10,165
SR00986,0,9,76
SR00987,0,11,330
SR00988,0,1,49
SR00989,0,10,288
SR00990,0,1,25
SR00991,0,13,62
SR00992,0,4,91
SR00993,0,6,48
SR00994,0,6,217
SR00995,0,10,180
SR00996,0,177,461
SR00997,1,120,660
SR00998,0,0,2
SR00999,0,6,100
SR01000,0,10,330
SR01001,0,26,149
SR01002,0,21,77
SR01003,0,2,128
SR01004,0,20,61
SR01005,0,1,129
SR01006,0,29,224
SR01007,0,3,923
SR01008,1,29,687
SR01009,0,32,281
SR01010,0,22,325
SR01011,0,2,100
SR01012,0,31,280
SR01013,0,153,539
SR01014,0,31,289
SR01015,0,1,35
SR01016,0,4,126
SR01017,0,20,482
SR01018,0,1,40
SR01019,175,1357,838
SR01020,0,3,169
SR01021,0,10,257
SR01022,0,10,166
SR01023,771,3561,5003
SR01024,0,38,406
SR01025,0,1,31
SR01026,0,38,336
SR01027,0,19,196
SR01028,7,110,587
SR01029,3,24,311
SR01030,2,10,100
SR01031,0,32,42
SR01032,0,15,177
SR01033,1,23,214
SR01034,0,10,77
SR01035,0,5,167
SR01036,0,8,240
SR01037,0,0,72
SR01038,0,0,326
SR01039,0,49,329
SR01040,0,12,87
SR01041,0,15,126
SR01042,0,8,105
SR01043,0,1,30
SR01044,0,7,126
SR01045,0,0,39
SR01046,0,12,61
SR01047,0,0,6
SR01048,0,3,12
SR01049,0,7,138
SR01050,0,11,52
SR01051,0,10,172
SR01052,0,11,206
SR01053,0,0,24
SR01054,0,7,175
SR01055,0,2,3
SR01056,0,10,81
SR01057,0,13,542
SR01058,0,48,246
SR01059,0,41,302
SR01060,0,42,339
SR01061,0,116,597
SR01062,0,6,84
SR01063,0,32,268
SR01064,0,12,300
SR01065,0,5,109
SR01066,0,5,141
SR01067,0,33,59
SR01068,1416,1423,3783
SR01069,0,22,98
SR01070,0,0,18
SR01071,0,3,114
SR01072,0,12,248
SR01073,0,3,122
SR01074,0,4,232
SR01075,0,11,303
SR01076,0,29,537
SR01077,0,84,409
SR01078,0,13,255
SR01079,0,8,119
SR01081,3,52,185
SR01082,0,4,140
SR01083,0,5,105
SR01084,0,3,68
SR01085,0,4,96
SR01086,0,3,90
SR01087,0,4,185
SR01088,0,3,23
SR01089,0,60,645
SR01090,0,2,205
SR01091,1,6,131
SR01092,0,6,127
SR01093,0,16,304
SR01094,0,4,138
SR01095,0,6,118
SR01096,0,2,20
SR01097,0,5,127
SR01098,0,6,116
SR01099,0,3,75
SR01100,1,12,59
SR01101,0,9,281
SR01102,0,5,173
SR01103,0,3,133
SR01104,0,31,73
SR01105,1,65,269
SR01106,0,21,430
SR01107,0,2,122
SR01108,0,13,93
SR01109,0,1,26
SR01110,0,3,40
SR01111,0,1,22
SR01112,0,7,239
SR01113,0,5,187
SR01114,0,15,34
SR01115,0,11,76
SR01116,0,3,199
SR01117,0,72,124
SR01118,0,9,291
SR01119,0,0,57
SR01120,0,1,75
SR01121,0,47,253
SR01122,0,15,72
SR01123,0,10,130
SR01124,0,34,68
SR01125,0,25,575
SR01126,0,4,147
SR01127,482,639,934
SR01128,0,2,92
SR01129,5,22,157
SR01130,1,9,128
SR01131,0,5,102
SR01132,0,2,93
SR01133,0,0,164
SR01134,0,30,99
SR01135,0,1,155
SR01136,0,2,50
SR01137,1,32,66
SR01138,0,5,189
SR01139,1,13,209
SR01140,0,25,243
SR01141,0,0,15
SR01142,0,2,69
SR01143,0,84,228
SR01144,0,8,165
SR01145,0,4,114
SR01146,0,4,27
SR01147,0,2,54
SR01148,0,44,724
SR01149,0,48,1210
SR01150,0,0,148
SR01151,0,0,145
SR01152,0,0,196
SR01153,0,16,77
SR01154,0,0,18
SR01155,0,13,279
SR01156,0,3,25
SR01157,0,11,42
SR01158,0,2,40
SR01159,37,18,57
SR01160,2,29,256
SR01161,0,14,106
SR01162,0,42,428
SR01163,0,6,169
SR01164,0,1,102
SR01165,1,6,14
SR01166,0,0,13
SR01167,0,15,93
SR01168,0,8,72
SR01169,0,242,571
SR01170,0,29,651
SR01171,110,133,236
SR01172,0,4,160
SR01173,0,5,66
SR01174,3,86,972
SR01175,0,6,389
SR01176,0,32,221
SR01177,0,28,1160
SR01178,0,0,29
SR01179,0,8,385
SR01180,0,1,13
SR01181,0,46,767
SR01182,0,9,366
SR01183,0,19,266
SR01184,0,3,177
SR01185,0,38,102
SR01186,0,2,15
SR01187,0,33,58
SR01188,0,11,170
SR01189,0,7,268
SR01190,0,10,110
SR01191,0,0,13
SR01192,0,8,222
SR01193,0,2,151
SR01194,0,8,515
SR01195,0,3,814
SR01196,0,19,31
SR01197,0,4,156
SR01198,0,0,136
SR01199,0,1,112
SR01202,0,8,335
SR01203,0,5,281
SR01204,0,4,269
SR01205,0,0,41
SR01206,0,6,137
SR01207,0,12,61
SR01208,0,1,102
SR01209,0,53,738
SR01210,0,7,179
SR01211,0,2,198
SR01212,0,10,164
SR01213,0,8,75
SR01214,3,14,313
SR01215,0,12,488
SR01216,0,33,157
SR01217,0,12,485
SR01218,0,10,21
SR01219,0,2,152
SR01220,0,0,166
SR01221,0,7,105
SR01222,0,13,85
SR01223,0,1,46
SR01224,0,20,124
SR01225,0,27,58
SR01226,0,5,171
SR01227,0,6,350
SR01228,0,6,102
SR01229,0,52,654
SR01230,0,0,69
SR01231,0,1,58
SR01232,0,4,115
SR01233,0,3,126
SR01234,0,1,89
SR01235,0,10,187
SR01236,2,7,139
SR01237,0,6,125
SR01238,0,1,118
SR01239,1,30,79
SR01240,0,5,318
SR01241,0,3,18
SR01242,0,16,33
SR01243,0,0,24
SR01244,0,0,27
SR01245,0,0,1
SR01246,0,3,17
SR01247,0,0,93
SR01248,0,12,76
SR01249,0,2,125
SR01250,0,0,74
SR01251,40,354,951
SR01252,0,8,331
SR01253,6,0,10
SR01254,0,0,100
SR01255,0,0,13
SR01256,0,10,190
SR01257,0,52,108
SR01258,0,7,38
SR01259,0,0,81
SR01260,0,3,36
SR01261,0,1,182
SR01262,0,2,11
SR01263,0,8,264
SR01264,0,10,787
SR01265,0,6,38
SR01266,0,27,415
SR01267,0,0,94
SR01268,0,0,0
SR01269,0,0,0
SR01270,0,23,285
SR01271,0,0,100
SR01272,0,0,51
SR01273,0,0,1
SR01274,0,27,249
SR01275,137,48,175
SR01276,0,3,184
SR01277,0,89,558
SR01278,0,13,261
SR01279,0,2,93
SR01280,0,12,440
SR01281,0,2,114
SR01282,0,2,186
SR01283,0,15,95
SR01284,0,3,6
SR01285,0,27,555
SR01286,0,79,466
SR01287,0,32,163
SR01288,0,25,155
SR01289,0,21,471
SR01290,0,2,8
SR01291,0,5,422
SR01292,0,15,285
SR01293,0,2,47
SR01294,0,19,258
SR01295,0,0,12
SR01296,0,5,141
SR01297,0,13,454
SR01298,0,13,202
SR01299,0,7,26
SR01300,0,0,73
SR01301,0,0,121
SR01302,0,7,73
SR01303,0,4,252
SR01304,0,34,197
SR01306,0,5,136
SR01307,5,74,112
SR01308,0,5,279
SR01309,0,12,85
SR01310,0,9,466
SR01311,0,1,169
SR01312,1,14,13
SR01313,0,0,68
SR01314,0,23,216
SR01315,0,0,107
SR01316,0,1,24
SR01317,0,1,37
SR01318,0,4,258
SR01319,0,4,8
SR01320,0,6,115
SR01321,1,2,41
SR01322,0,4,94
SR01323,0,3,114
SR01324,0,3,60
SR01325,0,12,63
SR01326,0,18,109
SR01327,0,0,11
SR01328,0,48,352
SR01329,0,50,401
SR01330,0,10,13
SR01331,0,9,310
SR01332,0,19,162
SR01333,2,50,197
SR01334,0,1,93
SR01336,0,3,274
SR01337,0,44,190
SR01338,0,0,11
SR01339,0,38,341
SR01340,0,5,161
SR01341,0,6,176
SR01342,2,2,78
SR01343,3,40,232
SR01344,0,4,268
SR01345,0,0,273
SR01346,0,5,236
SR01347,0,3,22
SR01348,0,3,158
SR01349,0,9,126
SR01350,0,10,96
SR01351,0,0,20
SR01352,2,0,2
SR01353,0,7,75
SR01354,1,15,112
SR01355,0,5,79
SR01356,0,4,47
SR01357,0,8,183
SR01358,0,15,122
SR01359,0,16,59
SR01360,0,1,102
SR01361,0,2,312
SR01362,0,9,240
SR01363,0,10,370
SR01364,0,3,45
SR01365,0,14,150
SR01366,0,2,61
SR01367,0,4,103
SR01368,0,10,265
SR01369,2,49,578
SR01370,0,0,0
SR01371,0,0,4
SR01372,0,3,96
SR01373,0,5,78
SR01374,0,3,122
SR01375,0,18,184
SR01376,0,3,32
SR01377,47,99,768
SR01378,0,12,54
SR01379,0,1,394
SR01380,0,0,6
SR01381,0,3,211
SR01382,0,24,173
SR01383,0,5,127
SR01384,0,2,2
SR01385,0,1,97
SR01386,0,37,99
SR01387,0,26,194
SR01388,0,0,90
SR01389,0,6,182
SR01390,0,6,134
SR01391,1,1,179
SR01392,0,6,42
SR01393,0,10,53
SR01394,0,0,47
SR01395,0,0,36
SR01396,0,0,38
SR01397,0,6,168
SR01398,0,0,5
SR01399,0,4,59
SR01400,0,4,50
SR01401,0,6,109
SR01402,0,1,143
SR01403,0,3,50
SR01404,0,0,3
SR01405,4,75,801
SR01406,0,6,446
SR01407,0,9,517
SR01408,0,10,124
SR01409,0,2,50
SR01410,0,4,69
SR01411,0,12,148
SR01412,0,6,457
SR01413,0,10,63
SR01414,0,2,178
SR01415,0,0,0
SR01416,0,3,28
SR01417,0,0,76
SR01418,0,7,160
SR01419,0,0,10
SR01420,0,23,354
SR01421,0,1,310
SR01422,0,6,54
SR01423,0,1,66
SR01424,0,7,135
SR01425,0,1,105
SR01426,7,60,333
SR01427,0,3,95
SR01428,0,1,405
SR01429,0,0,211
SR01430,0,6,462
SR01431,0,5,197
SR01432,0,2,4
SR01433,0,10,257
SR01434,20,68,64
SR01435,0,4,246
SR01436,33,464,1394
SR01437,0,16,158
SR01438,0,17,478
SR01439,0,1,350
SR01440,0,4,219
SR01441,0,6,44
SR01442,0,0,49
SR01443,0,2,25
SR01444,0,1,86
SR01445,0,1,19
SR01446,0,2,92
SR01447,0,11,48
SR01448,0,1,17
SR01449,0,15,178
SR01450,0,1,140
SR01451,0,3,127
SR01452,0,9,173
SR01453,0,3,212
SR01454,0,48,794
SR01455,9,38,405
SR01456,0,8,82
SR01459,0,4,94
SR01460,0,4,43
SR01461,0,2,57
SR01462,0,1,38
SR01463,0,9,55
SR01464,0,8,234
SR01465,0,0,0
SR01466,0,5,249
SR01467,0,2,260
SR01468,0,34,295
SR01469,0,19,176
SR01471,0,21,297
SR01472,0,16,201
SR01473,0,12,159
SR01474,0,9,205
SR01475,0,9,152
SR01476,0,16,95
SR01477,117,95,274
SR01478,0,6,83
SR01479,0,5,50
SR01480,0,4,93
SR01481,0,13,797
SR01482,0,1,18
SR01483,0,3,53
SR01484,0,0,64
SR01485,0,0,7
SR01486,0,5,20
SR01487,0,2,71
SR01488,1721,2969,4586
SR01489,0,7,56
SR01490,0,22,437
SR01491,0,12,58
SR01492,0,0,99
SR01493,0,2,28
SR01494,0,16,717
SR01495,0,3,86
SR01496,0,4,916
SR01497,0,0,45
SR01498,0,0,174
SR01499,0,3,264
SR01500,0,0,1
SR01501,0,28,247
SR01502,0,17,163
SR01503,0,7,228
SR01504,0,3,578
SR01505,0,3,203
SR01506,0,2,50
SR01507,0,0,0
SR01508,0,6,41
SR01509,0,8,180
SR01510,7,48,647
SR01511,0,0,145
SR01512,0,0,0
SR01513,0,0,0
SR01514,0,0,0
SR01515,0,0,0
SR01516,0,0,0
SR01517,0,0,0
SR01518,0,0,0
SR01519,0,0,0
SR01520,0,0,0
SR01521,0,0,0
SR01522,0,0,0
SR01523,0,0,0
SR01524,0,0,0
SR01525,0,0,0
SR01526,0,0,0
SR01527,0,0,0
SR01528,0,0,0
SR01529,0,0,0
SR01530,0,0,0
SR01531,0,0,0
SR01532,0,0,0
SR01533,0,0,0
SR01534,0,0,0
SR01535,0,0,0
SR01536,0,0,0
SR01537,0,0,0
SR01538,0,0,0
SR01539,0,0,0
SR01540,0,0,0
SR01541,0,0,0
SR01542,0,0,0
SR01543,0,0,0
SR01544,0,0,0
SR01546,0,0,0
SR01547,0,0,0
SR01548,0,0,0
SR01549,0,0,0
SR01550,0,0,0
SR01551,0,0,0
SR01552,0,0,0
SR01553,0,0,0
SR01554,0,0,0
SR01555,0,0,0
SR01556,0,0,0
SR01557,0,0,0
SR01558,0,0,0
SR01559,0,0,0
SR01560,0,0,0
SR01561,0,0,0
SR01562,0,0,0
SR01563,0,0,0
SR01564,0,0,0
SR01565,0,0,0
SR01566,0,0,0
SR01567,0,0,0
SR01568,0,0,0
SR01569,0,0,0
SR01570,0,0,0
SR01571,0,0,0
SR01572,0,0,0
SR01573,0,0,0
SR01574,0,0,0
SR01575,0,0,0
SR01576,0,0,0
SR01577,0,0,0
SR01578,0,0,0
SR01579,0,0,0
SR01580,0,0,0
SR01581,0,0,0
SR01582,0,0,0
SR01583,0,0,0
SR01584,0,0,0
SR01585,0,0,0
SR01586,0,0,0
SR01587,0,0,0
SR01588,0,0,0
SR01589,0,0,0
SR01590,0,0,0
SR01591,0,0,0
SR01592,0,0,0
SR01593,0,0,0
SR01594,0,0,0
SR01595,0,0,0
SR01596,0,0,0
SR01597,0,0,0
SR01598,0,0,0
SR01599,0,0,0
SR01600,0,0,0
SR01601,0,0,0
SR01602,0,0,0
SR01603,0,0,0
SR01604,0,0,0
SR01605,0,0,0
SR01606,0,0,0
SR01607,0,0,0
SR01608,0,0,0
SR01609,0,0,0
SR01610,0,0,0
SR01611,0,0,0
SR01612,0,0,0
SR01613,0,0,0
SR01614,0,0,0
SR01615,0,0,0
SR01616,0,0,0
SR01617,0,0,0
SR01618,0,0,0
SR01619,0,0,0
SR01620,0,0,0
SR01621,0,0,0
SR01622,0,0,0
SR01623,0,0,0
SR01624,0,0,0
SR01625,0,0,0
SR01626,0,0,0
SR01627,0,0,0
SR01628,0,0,0
SR01629,0,0,0
SR01630,0,0,0
SR01631,0,0,0
SR01632,0,0,0
SR01633,0,0,0
SR01634,0,0,0
SR01635,0,0,0
SR01636,0,0,0
SR01637,0,0,0
SR01638,0,0,0
SR01639,0,0,0
SR01640,0,0,0
SR01641,0,0,0
SR01642,0,0,0
SR01643,0,0,0
SR01644,0,0,0
SR01645,0,0,0
SR01646,0,0,0
SR01647,0,0,0
SR01648,0,0,0
SR01649,0,0,0
SR01650,0,0,0
SR01651,0,0,0
SR01652,0,0,0
SR01653,0,0,0
SR01654,0,0,0
SR01655,0,0,0
SR01656,0,0,0
SR01657,0,0,0
SR01658,0,0,0
SR01659,0,0,0
SR01660,0,0,0
SR01661,0,0,0
SR01662,0,0,0
SR01663,0,0,0
SR01664,0,0,0
SR01665,0,0,0
SR01666,0,0,0
SR01667,0,0,0
SR01668,0,0,0
SR01669,0,0,0
SR01670,0,0,0
SR01671,0,0,0
SR01672,0,0,0
SR01673,0,0,0
SR01674,0,0,0
SR01675,0,0,0
SR01676,0,0,0
SR01677,0,0,0
SR01678,0,0,0
SR01679,0,0,0
SR01680,0,0,0
SR01681,0,0,0
SR01682,0,0,0
SR01683,0,0,0
SR01684,0,0,0
SR01685,0,0,0
SR01686,0,0,0
SR01687,0,0,0
SR01688,0,0,0
SR01689,0,0,0
SR01690,0,0,0
SR01691,0,0,0
SR01692,0,0,0
SR01693,0,0,0
SR01694,0,0,0
SR01695,0,0,0
SR01697,0,0,0
SR01698,0,0,0
SR01699,0,0,0
